n_order,payment_total,days_since_last_order
2,565.88,1860
2,83.19,1765
2,281.5,1626
2,113.83,1675
2,437.78,1982
2,151.36,1751
2,476.18,1620
2,104.44,1793
2,138.49,1676
2,156.95,1817
4,1236.76,1881
2,86.18,1805
2,614.72,2068
3,457.18,1864
2,137.94,1738
2,291.54,1803
2,455.61,1621
2,140.55,1750
2,227.44,1655
3,295.57,1543
2,204.36,1957
2,328.78,1890
2,425.46000000000004,1806
2,151.41,1755
3,168.85,1815
2,300.34,1724
2,99.41,1931
2,248.66000000000003,1701
2,288.56,1668
2,85.0,1665
2,238.77999999999997,1620
2,352.88,1982
2,231.01999999999998,1856
2,414.94,1681
2,377.78,1545
2,111.97,2038
2,178.46,1637
2,620.06,1939
2,106.24,1972
2,337.22,1904
3,780.4,1608
2,481.25,1565
2,146.39,1913
2,404.27,1760
2,444.59000000000003,1668
2,250.46,1985
2,206.73000000000002,1804
5,490.40999999999997,1618
2,584.6800000000001,1855
2,145.47,1863
2,292.73,1815
2,187.42000000000002,1658
2,134.74,1648
2,159.49,1881
2,126.2,2067
2,303.16999999999996,1760
3,538.33,1557
2,118.57,1797
2,133.53,1639
2,114.75,1789
2,499.35,1629
4,667.12,1836
2,207.48000000000002,1911
2,107.28,1730
2,71.44,2023
2,187.4,1825
2,122.51,1571
3,519.24,1575
2,351.49,1568
2,112.88,1862
2,591.1700000000001,1913
2,314.08000000000004,1579
2,250.28,1628
2,364.21000000000004,2007
2,72.65,1581
2,608.39,1732
2,42.47,1684
2,225.12,1626
2,106.39,1645
2,418.94,1583
2,308.6,1609
2,479.95,1683
3,253.74,1522
4,507.06,1596
2,104.74,1820
3,177.96,1693
2,762.05,1583
3,126.27,1874
2,501.44,1737
2,58.44,1816
2,347.55,1778
2,763.25,1586
2,156.85,1965
2,168.22,2001
2,304.09000000000003,1969
4,354.22999999999996,1553
2,227.82,1632
2,177.81,1764
3,136.3,1738
2,515.12,1820
2,227.22,1583
2,108.2,1842
2,210.76,1726
2,273.25,1877
2,190.01999999999998,1819
2,42.76,1688
2,82.74000000000001,1575
4,967.34,1912
2,102.26,1668
2,217.59,2022
2,235.68,1732
2,44.93,1566
2,167.17000000000002,1588
2,142.79000000000002,1582
2,182.83,1748
2,126.72,1844
3,159.57,1933
2,76.58,1935
2,519.94,1637
3,554.09,1707
2,88.9,1767
2,184.74,1934
2,619.38,1878
2,237.77,1804
3,405.03,1687
2,511.21999999999997,1818
2,290.01,1780
2,177.74,1651
2,332.65,2029
2,207.61,1986
2,492.26,1884
2,443.58,1725
2,123.64999999999999,1793
2,333.15000000000003,1894
2,134.49,1749
2,207.97,1622
2,989.5899999999999,1592
2,183.0,1706
2,270.17,1774
2,238.79000000000002,1680
2,498.21999999999997,1714
3,46.86,2143
2,156.07,1977
5,745.41,1555
2,273.25,1944
2,207.51,1624
2,331.38,1741
3,385.27,1857
4,483.33,1689
2,199.18,1630
2,169.76,2038
2,508.06,1569
2,176.55,1816
2,249.48999999999998,1756
2,626.1800000000001,1979
2,166.34,1747
2,455.4,1629
2,180.31,1845
2,199.39999999999998,1931
2,405.52,1765
2,215.39999999999998,1758
2,113.56,1997
2,344.11,1924
2,202.1,1764
2,1183.46,1809
2,423.86,1818
2,346.62,1817
2,627.3,2231
2,123.28,1990
2,169.73,1605
5,274.95,1693
2,40.7,1995
2,84.49000000000001,2064
2,93.84,2048
2,119.87,1778
2,188.13,1703
2,168.22,1722
2,886.1199999999999,1685
2,198.82,1853
2,206.62,1668
2,324.8,1841
2,257.09000000000003,1991
2,344.13,1567
2,110.93,1832
2,127.59,1698
2,504.5,1837
2,246.95999999999998,1564
2,425.13,1811
2,328.48,1766
2,388.35,2018
2,322.01,1932
2,517.0,1598
3,387.44,1621
2,363.74,1551
2,195.25,1855
2,185.07,1552
2,1078.16,1730
2,34.97,1669
2,80.2,1745
2,183.70999999999998,2032
2,66.46,1617
2,105.41,1668
2,181.54000000000002,1665
3,1276.52,1580
2,155.93,1789
2,231.8,1720
2,308.49,1959
3,1451.0,1650
2,990.5,1733
2,154.59,1788
2,174.09,2078
2,375.87,1884
2,390.97,2005
2,246.21,1613
3,383.99,1860
2,357.96,1770
3,190.35000000000002,1808
2,268.77,1822
2,295.33,1667
2,158.39999999999998,1729
2,81.18,1562
2,163.29,1811
5,451.17,1690
2,366.0,1615
2,241.56,1848
2,145.96,1541
2,1675.68,2019
2,322.43,1990
2,283.34,1766
3,364.86,2022
2,697.42,1557
2,123.72,1549
2,186.39,2051
2,212.65,1785
3,448.5,1569
2,245.29000000000002,1767
2,346.4,1696
2,215.31,1974
2,166.39,1816
2,312.78000000000003,1597
2,151.0,1548
2,155.18,1607
2,344.31,1565
2,1039.8799999999999,1997
2,143.36,1942
2,115.49,1876
2,199.76,1759
2,106.03,1621
2,659.2,1940
2,237.96,1720
2,485.38,1579
2,494.75,1850
2,556.58,1677
2,425.94,1693
4,439.31,1555
2,103.84,2065
2,105.56,1890
2,879.86,1674
2,265.9,1759
2,86.75,2098
2,235.07,1953
2,218.0,1985
2,432.68999999999994,1773
2,106.56,1703
2,104.78,1751
2,214.9,1674
2,128.22,1637
2,138.8,1813
2,781.19,1920
2,275.52,1666
2,176.26,1646
2,410.9,1586
2,521.0699999999999,2077
2,99.9,1688
2,263.5,1817
2,69.33,1649
4,131.8,2049
2,240.89,1712
2,83.72,1767
2,866.2,1778
2,132.12,1694
2,349.28,1955
2,711.89,1908
2,133.34,1819
2,243.54,1719
2,263.96000000000004,1943
2,191.27,1621
2,190.58,1721
2,72.96,1653
4,1756.53,1614
2,82.45,1908
2,112.84,1834
2,209.66,1995
2,116.14,2051
2,74.86,1602
2,323.35,2094
2,547.74,1555
2,254.26999999999998,1567
2,196.66,1706
2,390.92999999999995,1552
2,174.68,2039
2,148.85,1658
2,413.76,1550
2,856.77,1707
2,130.14,1819
2,446.32,1964
6,944.21,1759
2,83.44,1657
2,141.56,1651
2,152.89,1667
2,504.95000000000005,1614
2,370.19000000000005,1856
2,154.7,1944
2,120.84,2023
2,370.32,1746
2,196.48000000000002,2009
2,124.02,1939
2,108.03,1936
2,227.39,1819
2,645.53,1680
2,326.42,1648
2,142.8,1660
3,518.02,1770
2,180.82,2230
2,126.81,1676
3,152.41,1935
2,142.46,1906
2,124.71,1658
2,71.24000000000001,1725
2,114.21000000000001,1932
2,104.95,1605
2,580.9,2012
9,1172.66,1724
2,149.34,1989
2,246.57,1986
2,861.81,1876
3,359.94,1624
2,142.98,1868
2,321.98,2069
2,252.76,1554
2,147.36,1619
2,473.55,1901
2,99.58,1628
2,118.25999999999999,1609
2,1131.08,1805
2,282.06,1755
4,518.5,2100
2,204.11,1628
2,87.8,1991
3,2164.4,1772
2,146.0,1567
2,475.64,1573
2,391.23,1905
3,297.96000000000004,1679
2,444.17,1772
2,316.37,1733
3,310.31,1627
3,265.13,1607
2,232.76,1935
3,370.61,1566
2,108.88,2060
2,354.18000000000006,1778
2,178.48000000000002,1808
2,375.64,1654
2,168.49,1957
2,432.59999999999997,1872
2,132.64999999999998,1865
2,99.04,2088
2,338.12,1803
2,1999.6799999999998,1633
2,332.87,1551
2,143.47,1736
2,108.09,1839
2,204.17000000000002,1723
2,171.34,1709
2,2020.86,1582
2,673.8399999999999,1647
2,278.72,1922
2,182.32,1695
2,63.88,1963
2,206.48,1567
2,413.97,1990
2,82.0,2065
2,338.93,1652
2,209.70999999999998,1743
2,754.62,1693
2,319.89,1562
2,1035.97,1625
2,863.84,1770
2,330.27,1731
2,161.48000000000002,1558
2,131.18,1997
2,99.13,1715
2,628.95,1682
2,118.86,1881
2,295.38,1869
2,196.77,1770
2,311.13,1600
2,35.94,1598
3,9553.02,1553
2,141.17000000000002,1715
4,638.77,1718
2,150.06,1575
2,149.26,1684
2,143.94,2080
2,186.19,1726
2,99.34,1559
2,124.02,1707
2,142.04,2109
3,636.9100000000001,1584
2,190.75,1820
2,255.51,1826
2,450.22,1793
2,231.55,1944
2,79.53,1670
2,231.49,1780
2,101.69,1805
3,382.45000000000005,1701
2,997.96,1888
2,129.02,1724
2,47.05,1825
2,157.35,1796
2,66.56,1709
2,92.02,1890
2,127.38,1617
3,269.64,1964
2,182.35000000000002,1629
2,150.91,1893
2,382.02000000000004,1670
3,265.58,1918
2,369.21000000000004,1567
3,532.44,1739
2,145.8,2026
2,177.64,1942
7,959.01,1738
3,225.17000000000002,1711
2,136.98999999999998,1823
2,1782.9,1563
2,305.65999999999997,1744
2,134.47,1771
2,318.56,1742
2,252.19,1813
2,154.34,1648
2,100.07,1781
2,36.74,1855
2,312.02,1972
2,386.29,1584
3,511.29,1661
2,163.07999999999998,1715
2,145.09,1606
2,291.54999999999995,1828
2,258.95,2129
2,661.45,1760
2,133.72,2032
2,448.38,1970
2,354.20000000000005,1746
2,178.62,1610
2,177.91,1986
2,100.56,1632
2,177.85,1682
2,252.87,1810
2,127.34,1813
2,258.67,1861
2,1229.43,1807
2,118.0,1851
2,145.35,1862
2,314.14,1583
2,250.84,1741
2,187.63,1642
3,335.15,1893
2,207.22000000000003,1564
2,118.72,1682
2,500.41999999999996,1820
2,134.66,1818
2,312.18,1865
2,340.26,1736
2,107.2,1909
2,373.35,1852
2,142.49,1662
2,49.54,1659
2,244.77999999999997,1888
2,495.96,1577
2,142.6,1586
2,114.9,1768
3,349.11,1718
2,158.7,1553
2,254.95999999999998,1751
2,99.7,1810
2,175.96,1714
2,205.11,1759
2,114.76,1700
2,172.18,1603
2,144.37,1797
2,542.8,1636
2,836.59,1773
2,102.92000000000002,1691
2,322.49,1949
2,261.25,1723
2,95.1,2006
2,266.56,2009
4,556.9399999999999,1795
2,187.36,1896
3,265.84000000000003,1707
4,769.81,1732
2,139.51999999999998,1596
2,189.07999999999998,1945
2,226.6,1790
2,196.36,1864
2,253.07999999999998,1624
2,256.87,1659
2,113.74000000000001,1900
2,176.16,1933
2,467.0,1812
2,532.48,1549
2,1098.34,1564
2,77.0,1562
3,451.76,1864
2,155.69,1718
2,315.6,1767
2,473.97,1777
2,191.52,1582
2,714.8299999999999,1647
2,97.77,1728
2,4053.08,1948
2,125.75,1866
2,124.88000000000001,1573
2,141.34,1636
2,225.24,1653
3,760.01,2026
2,333.03999999999996,1687
2,101.43,1858
6,1094.63,1548
2,186.56,1548
2,302.94,1715
2,307.7,1842
2,403.99,1878
2,116.56,1631
2,87.5,1705
2,256.57,1894
2,190.24,1819
3,191.32999999999998,1850
2,262.5,1827
2,477.44,1688
2,183.91,1791
3,87.75,2052
3,225.5,1679
3,256.86,2108
2,168.95,1797
2,278.01,1737
2,431.12,1820
2,467.58,1546
2,84.22,2012
2,447.28,1585
2,124.46000000000001,1817
2,65.54,2058
2,424.49,1752
2,115.74000000000001,1885
2,250.93,1723
2,194.57,1704
2,413.78999999999996,1723
3,342.75,1940
2,419.17,1827
2,562.8199999999999,1751
2,559.31,1705
2,229.07999999999998,1570
2,616.41,1593
2,68.81,1687
2,109.0,1745
2,99.32,2049
2,294.46,1723
2,496.87,1734
2,1218.6999999999998,1816
2,120.43,1829
2,159.95,1829
2,579.6,1674
2,98.84,2045
2,222.2,1728
2,267.96000000000004,1641
2,93.55,1952
2,718.49,1758
2,135.19,1986
2,506.23,1642
2,81.56,1820
2,355.96000000000004,1711
2,81.25999999999999,1584
2,182.23000000000002,1548
2,204.0,1813
2,364.63,1601
2,170.87,1552
2,202.81,1673
2,138.91,1587
2,250.57,1902
2,328.4,1655
2,235.59,1624
3,1249.87,1888
2,430.79,1646
2,265.58000000000004,1664
3,378.30999999999995,1579
3,87.6,1779
2,383.45,1990
2,1021.95,1585
2,126.25999999999999,1776
2,299.44000000000005,1709
2,277.45,1631
2,316.5,1558
2,158.98,1943
2,68.93,2026
2,124.78,1735
2,127.66,1600
2,617.97,2015
2,96.63,1772
2,570.3,1609
2,81.37,1861
3,310.86,1993
2,193.04,1666
2,174.43,1813
2,76.96000000000001,1920
2,609.87,1935
2,182.8,1858
4,790.67,1640
5,1114.18,1718
2,254.61,1892
2,209.86999999999998,1735
2,93.78,1849
2,482.52,1649
2,142.04,1770
2,69.15,1604
2,261.14,1812
2,168.06,1737
2,794.6,1882
2,113.88,1740
2,160.06,1662
2,237.82999999999998,1562
6,826.3199999999999,1634
2,244.29,2035
2,558.3399999999999,1847
2,248.92000000000002,1673
2,125.30000000000001,1566
2,227.25,1685
2,491.63,1883
2,255.86,2071
2,490.59,1726
2,180.03,1830
2,460.37,1556
2,77.18,1739
2,137.54,1823
2,325.05,1617
2,197.49,2085
2,224.57,1921
2,270.6,1747
2,133.31,1818
2,257.52,1892
2,476.27,1710
2,331.94000000000005,1957
2,689.02,1660
2,102.3,1818
2,603.16,1988
2,464.01,1816
3,137.16,1604
2,164.69,1619
2,117.14,1816
3,171.04,1668
2,195.22,1683
2,199.74,1565
2,391.16999999999996,1874
2,147.19,2005
2,141.29,1893
2,85.33,1753
2,165.68,1624
2,188.78,1897
3,273.7,1762
2,56.46,1725
2,121.41999999999999,1896
2,113.45,1678
2,113.74000000000001,1854
2,171.42,1562
2,143.34,1995
2,178.95,1838
2,223.67000000000002,1768
2,278.38,1851
2,262.62,1802
2,815.4300000000001,1741
2,136.36,1653
2,104.0,1556
2,200.62,1626
2,553.8,1563
2,181.76,1758
2,895.36,1543
3,218.75,1571
2,219.26999999999998,1833
2,124.04,1890
2,1274.03,1576
2,56.0,1823
2,302.13,1808
2,177.75,1961
2,163.32,1892
2,115.74000000000001,1894
2,342.1,1698
2,169.51999999999998,2036
2,68.94,1555
2,193.65,1729
2,120.51,1944
3,320.17,1905
3,515.37,1874
2,475.11,1773
2,288.6,1629
2,537.72,1847
2,376.03,1580
2,200.04,1644
4,1056.33,1653
2,145.01,1685
2,340.36,1689
2,99.87,1814
2,80.12,2056
2,192.14,1666
2,250.07999999999998,1591
2,199.87,1685
2,152.49,1851
2,244.41,1749
2,362.1,1724
2,723.15,2126
2,159.55,1556
2,437.66999999999996,1939
2,42.47,1695
2,888.5,1716
2,201.87,1725
2,160.34,1976
2,120.5,1553
2,95.18,1734
2,530.77,1676
2,92.73,1648
3,327.39,1550
2,215.56,1812
2,64.46000000000001,1542
2,363.82,1771
2,134.06,1611
2,159.14999999999998,2126
2,85.07,1654
2,374.8,1818
2,91.35,1613
2,156.26,1642
2,199.7,1938
4,419.25,1549
3,400.47999999999996,1694
2,1381.41,1631
2,198.9,1585
3,192.28,1693
2,103.13,1579
2,126.96,1982
2,132.94,1550
4,779.18,1616
2,166.84,1832
2,136.51,2023
2,303.93,1901
2,101.1,1979
2,1510.38,1614
2,193.96,1878
2,144.46,1892
3,202.56,1641
2,86.61,1753
3,278.28000000000003,1548
2,211.2,1713
2,281.5,1901
2,289.84000000000003,1844
2,149.16,1578
2,227.36,1759
5,806.47,1673
3,132.03,1550
2,91.72,2026
2,113.08,1685
3,405.02,1570
2,135.78,1820
2,228.35,1807
2,1740.21,1890
2,469.37,1952
2,132.85,1740
2,103.69,1649
2,585.9100000000001,1739
2,248.82,1707
2,486.71,1647
3,198.14000000000001,1949
2,560.1800000000001,1808
2,281.48,1587
2,119.0,1819
3,258.03000000000003,1674
2,196.92000000000002,1704
2,216.04000000000002,1745
3,451.83000000000004,1869
2,174.92,1711
3,671.46,1668
2,390.02000000000004,1798
2,266.90999999999997,1920
2,414.40999999999997,1637
3,729.74,1845
2,127.72,1675
3,164.0,1754
2,251.87,2088
2,449.15999999999997,1621
2,873.09,1711
2,179.49,1971
2,155.63,1596
2,355.31,1596
2,203.87,1757
2,194.54,1803
2,173.09,1640
2,363.26,1730
2,242.46,1703
2,578.81,1727
2,151.27,1775
2,233.91000000000003,1646
2,188.11,1703
2,627.74,1570
3,190.96,1711
2,201.63,1676
2,552.51,1650
3,294.83,1910
3,156.03,1906
2,83.86,1743
2,280.34,1663
2,668.04,1595
5,1590.76,1611
2,192.7,2100
3,408.70000000000005,1809
2,440.55,1645
2,408.18,1746
2,156.38,1698
2,197.98000000000002,1725
2,120.14,1742
17,927.63,1550
2,482.6,1592
2,1294.09,1858
2,152.53,1703
2,254.51999999999998,1715
2,220.28,1638
2,326.36,1804
2,229.97000000000003,1733
2,382.0,1698
2,391.8,1755
2,108.72,1743
2,142.02,1720
2,904.72,1697
2,100.44,1626
2,2340.08,1644
2,1432.21,1812
2,94.41,1855
2,329.83,1618
2,432.56,1597
2,254.88,2008
2,421.41,1734
2,196.68,1626
2,97.98,1905
2,165.11,1948
2,271.11,2095
2,217.41,1725
2,144.69,1751
2,420.5,1843
2,289.07,1643
2,361.02,1871
2,340.22999999999996,1804
3,579.78,1648
2,153.37,1900
3,141.42000000000002,1737
2,200.29000000000002,1904
2,230.9,1723
2,280.02,1778
2,206.42000000000002,1617
2,404.2,1816
2,129.14,1613
2,157.28,1818
2,213.33999999999997,1922
2,211.24,1753
2,69.54,1773
2,524.8199999999999,1770
2,255.97,1755
2,124.3,1602
2,62.629999999999995,1651
2,133.05,1937
2,107.75999999999999,1802
2,232.71999999999997,1565
2,240.84,1584
2,333.17,2059
2,273.0,1856
2,68.0,2008
2,182.95,2052
2,266.82,1689
2,210.56,1813
2,168.99,1736
2,171.2,1766
2,226.88,1803
2,237.86,2020
2,292.76,1910
2,1050.0,1660
3,464.07,1597
2,200.07999999999998,1666
2,388.37,1828
2,92.68,1963
2,159.01999999999998,1709
2,131.94,1705
2,356.46,1644
2,303.76,1745
2,425.44,1566
2,178.82,1689
2,74.5,1949
2,130.0,1568
2,222.64999999999998,1605
2,157.39999999999998,1557
2,406.15,1765
3,160.04,1582
2,145.48000000000002,1594
2,278.93,2084
2,383.36,1821
2,613.05,1668
2,126.84,1857
2,207.95,1752
2,386.59000000000003,1980
2,63.94,1598
2,469.39,1580
2,142.46,1892
2,237.71,1850
2,497.84000000000003,1809
2,149.47,1803
2,206.8,1758
2,305.76,1751
2,562.8199999999999,2019
2,256.3,1569
2,922.19,2071
2,357.76,1879
2,446.28,1826
2,220.58999999999997,1627
2,204.32,1734
2,154.66,1819
2,198.49,1718
2,148.41,1990
2,267.6,1737
2,788.16,1859
2,232.69,1859
2,1189.3400000000001,1685
2,105.14000000000001,1792
2,140.46,1980
2,137.97,1627
3,480.52,1613
2,227.85,1754
2,249.60000000000002,1618
2,187.95,1743
3,295.3,1719
2,93.35,1647
2,200.06,1885
2,146.26999999999998,2035
2,611.54,1819
2,147.58,2131
2,169.06,1740
2,56.94,1718
2,155.15,1706
2,96.91,1596
2,635.4,2088
2,194.06,1654
2,274.82,1674
7,758.83,1604
2,381.39,2108
2,204.46,1820
2,223.10999999999999,1669
2,252.16000000000003,1576
2,104.54,1714
2,145.31,1889
2,260.68,1572
2,287.46,1619
2,99.67000000000002,1684
2,421.47,1795
2,301.28,1950
2,597.54,1685
2,298.03999999999996,1757
2,360.12,1584
2,344.98,1678
2,99.56,1988
2,123.99000000000001,1856
2,1653.98,1650
2,156.22,1801
2,424.32,1688
2,317.83,1699
3,1290.88,1635
2,311.86,1808
2,76.72,2133
2,319.18,1581
2,98.63,1808
3,247.88,1620
2,97.46,1651
2,190.68,1740
2,313.71,1701
2,443.12,1659
2,204.82,1996
2,50.06999999999999,1706
2,491.34000000000003,1593
2,1056.2,1686
2,124.53,1653
2,109.23,1866
3,628.63,1680
2,322.36,1750
2,162.76,1579
3,246.51,1796
2,191.9,1808
3,363.69,1676
2,190.75,1807
3,126.33,1726
2,186.39999999999998,1911
2,222.34,1646
2,365.12,1927
2,66.01,1819
2,364.63,1592
2,137.74,1700
3,1294.6000000000001,1572
2,190.96999999999997,1654
2,203.70999999999998,1705
2,180.78,1660
2,74.75,1639
2,221.72,1724
2,317.06,1628
2,161.01,1608
2,231.14,1618
3,209.79000000000002,1772
2,139.88,1550
2,228.97,1819
2,496.29999999999995,1682
2,306.53999999999996,1856
2,243.84,2051
2,98.9,1962
2,80.4,1881
2,332.34000000000003,1568
2,256.4,1827
2,185.42,1748
2,259.81,1646
2,858.17,1582
2,340.68,1611
2,1044.13,1858
2,498.52,1725
2,1011.02,1584
2,151.94,1779
3,259.37,1770
2,667.4399999999999,1721
2,242.19,1628
2,348.6,1774
2,109.93,1683
2,219.57999999999998,1550
2,256.2,1569
2,131.89,1749
4,1760.75,1557
2,438.92,1887
2,309.84000000000003,1590
2,501.03000000000003,1656
2,252.68,1556
2,126.02000000000001,1855
2,495.17,1765
2,38.24,2143
2,194.09,1947
2,152.48000000000002,1867
2,198.79000000000002,1564
2,94.6,1773
2,177.82999999999998,1580
2,240.78,1671
2,233.49,1927
2,86.35,1555
3,725.8,1668
2,242.06,1632
2,227.10999999999999,1701
2,190.93,2048
2,338.46,2132
3,280.64,1613
2,349.69,1720
2,191.55,1747
2,39.24,2143
2,223.25,1717
2,168.4,2098
2,125.53,1952
2,484.29999999999995,2028
2,454.72,1777
2,195.0,1996
2,172.57,1566
2,276.75,1742
2,165.76,1605
2,122.12,1680
2,429.29999999999995,1886
2,93.46000000000001,1737
2,131.17000000000002,1957
2,68.63,1743
2,244.14,1558
2,164.9,1984
2,82.34,1583
2,120.14,1584
2,108.48,2092
2,296.84000000000003,1729
2,262.96000000000004,1879
6,540.69,1688
2,227.03,1554
2,190.62,1738
2,379.28,1875
3,841.98,1788
2,184.32999999999998,1920
2,159.76,1682
2,98.47999999999999,1759
2,161.7,1656
2,217.37,1737
2,452.24,1887
2,449.16999999999996,1710
2,74.94,1749
2,329.39,1553
2,277.99,1598
2,485.23,1809
2,284.7,1713
2,315.12,2027
2,68.81,1562
2,63.629999999999995,1816
2,262.66,1590
2,187.76999999999998,1710
2,158.13,1555
3,238.02,1731
2,349.3,1742
2,239.24,1703
3,421.32000000000005,1659
2,435.56000000000006,1862
2,181.5,1794
2,206.32999999999998,1809
2,276.73,2012
2,567.0,1698
2,446.16,1669
2,223.3,1561
2,435.45000000000005,1563
2,189.61,1548
2,151.92,1724
3,782.64,1573
2,92.5,1946
2,320.4,1565
2,388.71,1738
2,103.24,1865
2,354.37,1769
2,382.92,1520
2,158.87,1877
2,335.52,1891
2,223.10000000000002,1597
2,115.7,1799
2,110.12,1611
2,193.94,1986
2,140.34,1768
2,176.13,1694
3,740.8299999999999,1566
2,184.44,2000
2,288.51,1652
2,176.16,1834
2,239.16,1943
2,289.94,1774
2,212.13,1645
2,407.56,1807
3,486.23,1695
2,365.32,1547
2,415.40999999999997,1822
2,345.81,1566
2,304.33,1671
2,88.18,1730
2,213.07,1767
2,314.39,1947
2,450.70000000000005,1919
3,373.74,1635
4,320.61,1615
3,371.48,1624
2,220.09,1752
2,226.05,1613
2,295.03000000000003,1858
2,299.47,1644
2,496.76,1610
2,452.86,1673
2,269.12,1626
2,85.09,1838
2,972.97,1839
2,123.47,1768
2,195.73000000000002,1819
2,141.26,1725
2,206.44,1749
2,281.04,1612
2,159.5,1656
2,77.2,1887
2,296.43,1865
2,123.35,1970
2,165.34,1760
2,136.72000000000003,1561
2,1176.6399999999999,1886
4,359.0,1822
2,271.22,1649
2,267.38,1696
3,609.12,1660
2,179.28,2088
2,215.68,1731
2,162.78,1729
2,104.30000000000001,1594
2,371.31,1726
4,857.95,1661
3,704.3299999999999,1714
2,753.74,1629
2,256.13,1660
2,279.8,1796
2,204.54000000000002,1644
2,278.53999999999996,1642
2,132.07,2006
2,1043.06,1813
2,301.02,1760
2,249.5,1576
2,351.07000000000005,1904
2,139.07,1984
2,178.79,1715
2,271.0,1795
2,197.20999999999998,1549
2,249.04000000000002,1909
2,168.06,1742
2,162.64,1792
2,303.0,1557
2,235.45,1562
2,85.99,1585
2,66.55,1608
2,158.95,1766
2,173.04,1768
2,242.5,1787
2,624.95,1808
2,44.72,1627
2,209.18,1845
2,122.57,1785
3,390.47,1681
2,156.76999999999998,1628
2,628.63,1714
2,3064.7200000000003,1888
2,366.99,1722
3,205.96,2109
2,380.76,1967
2,211.63,1606
2,67.44,1634
3,342.48,1810
3,779.34,1819
2,223.81,1819
2,277.84,1963
2,1447.02,1766
2,785.88,1747
2,586.37,1963
2,221.28,1556
2,131.42,1809
2,165.01999999999998,1665
2,425.54,1906
2,124.7,1796
2,493.85,1665
2,157.88,1812
2,113.72,1677
2,134.75,1609
2,120.32,1685
2,263.64,1612
2,119.36,1926
2,937.36,1841
3,127.64999999999999,1631
2,172.23,1629
2,393.61,2015
3,839.62,1872
2,609.6700000000001,1726
2,309.17,2024
2,142.28,1871
2,318.48,1882
2,135.7,1559
2,144.45999999999998,1877
2,353.42,1623
2,344.93,1808
2,1028.2,1684
2,291.1,1778
2,549.29,1688
2,152.64,1745
2,57.48,1553
2,39.18,1612
2,281.58,1564
2,175.81,1655
2,309.24,1698
2,273.39,1645
2,118.25,1989
2,981.98,1541
2,250.03,1737
2,403.53999999999996,1732
3,273.1,1787
3,347.53,1720
2,229.83,2020
2,166.78,1746
2,95.56,1639
3,245.2,1992
2,528.29,1801
2,40.47,2085
2,118.09,1840
2,307.77,1780
2,130.46,1576
2,596.39,1927
2,168.94,1601
2,336.33000000000004,1636
2,180.06,1775
2,157.18,1626
2,82.0,1577
2,125.0,1567
3,283.89,1514
2,147.23000000000002,1694
2,170.47,1995
2,174.44,1737
2,110.25,1981
4,320.26,1557
2,146.19,1599
2,105.09,1561
2,380.44,1796
2,253.08,1691
2,151.41,1743
3,185.09,1914
2,214.69,1770
2,242.41000000000003,1619
2,142.28,1875
2,470.25,1691
2,101.72,2093
3,602.73,1649
2,228.38,1587
2,591.56,1770
2,266.88,1825
2,80.26,2085
2,238.55,1584
2,216.69,1808
2,358.49,1603
2,301.65,1604
2,114.8,1920
2,176.62,1656
2,477.68,1964
2,182.03,1838
2,143.47,1852
2,313.12,1553
2,770.62,1780
2,131.28,1763
2,332.76,1703
2,248.13,1718
2,321.52,2016
2,105.22,1768
2,264.95000000000005,1606
2,143.36,1556
2,296.76,1850
2,214.26,1533
2,174.48,1923
2,175.28,1881
2,78.84,2038
3,358.89,1990
2,162.28,1556
2,373.09000000000003,1898
2,175.26999999999998,1858
2,604.79,1901
2,56.46,1593
3,157.76999999999998,1687
2,140.23000000000002,1983
2,157.95,2093
2,89.75999999999999,1711
2,417.02,1812
2,339.22,1711
2,413.12,1648
2,141.63,2079
2,207.99,1807
2,195.09,1647
2,231.19,2117
2,40.18,1726
2,168.47,1689
2,517.51,1708
2,608.88,1622
2,154.49,1872
2,100.78,1571
2,331.46,1738
2,488.46,1548
2,147.5,1732
2,266.76,1658
2,208.85999999999999,1814
2,117.85999999999999,1709
4,426.12,1609
2,258.4,1590
2,110.44,1641
3,251.54,1653
2,256.04,1802
2,387.17,1581
2,227.26999999999998,1961
2,218.82,1900
2,219.39000000000001,1641
2,118.91,1926
2,68.86,1685
2,126.45,1747
2,150.61,1547
2,207.56,1702
2,105.25,1755
2,257.58,1968
2,221.93,1791
2,310.81,1820
2,236.67000000000002,1600
2,225.63,1852
2,196.57999999999998,1688
2,384.44,1655
2,267.25,1716
2,193.41,1760
3,281.18,1985
2,284.6,1800
2,82.11,1810
2,150.14,1581
2,142.89000000000001,1782
2,291.67,1704
2,266.15999999999997,1941
2,301.78,2139
2,248.72,1819
2,149.12,1627
2,107.98,1593
2,758.59,1602
2,341.52,1670
2,282.3,1589
2,259.32,1597
2,446.49,1995
2,160.76,1509
2,712.22,1551
7,1122.72,1631
3,263.8,1700
2,361.09000000000003,1879
2,388.4,1674
2,155.37,1703
2,76.93,1803
2,168.06,1738
2,402.74,1819
2,135.17000000000002,1652
2,1247.1299999999999,1892
2,636.14,1956
2,193.68,1807
2,133.35000000000002,1711
2,80.14,1738
2,399.6,1889
2,118.36000000000001,1883
2,170.89999999999998,1936
3,178.65,1675
2,105.99,1864
2,126.4,1576
2,369.72,1730
2,210.8,1891
2,131.12,1892
3,88.27,1544
2,157.51,1679
2,342.51,1583
2,223.64000000000001,1941
2,339.46,1658
2,374.15,2008
2,157.47,1764
2,71.57,1654
2,118.92,1853
2,150.75,1550
2,347.38,1874
2,165.35,1725
2,100.18,1991
2,144.6,1913
2,395.99,1588
6,660.94,1765
2,162.73,1796
2,7571.63,2057
2,336.21000000000004,1774
2,206.8,1757
2,210.03,1665
2,376.41999999999996,1654
2,183.60999999999999,1806
2,198.95,1821
2,147.01,1869
2,159.49,1950
2,310.05,1614
2,299.53,1846
3,331.11,1638
2,233.39999999999998,1691
2,294.40999999999997,1816
2,173.62,1920
2,1069.77,1949
2,571.54,1767
2,215.78,1775
2,178.01,1837
2,426.5,1897
2,330.55,2019
2,741.36,1971
2,479.56,1905
2,39.34,1905
2,945.95,1562
2,801.25,1603
2,174.18,1698
2,195.74,1810
3,588.71,1879
2,557.45,1750
2,381.33,1660
2,114.74000000000001,1820
2,79.09,1859
2,191.47,1819
2,141.07,1760
3,350.96999999999997,2122
2,597.22,1928
2,165.47,1825
3,139.6,1891
2,152.08,1582
2,365.4,1725
2,264.04,1865
2,392.53999999999996,1755
2,209.75,1716
2,171.15,1569
2,185.98000000000002,1918
2,124.8,1839
2,77.89,2014
2,183.56,1925
2,748.78,1655
2,294.72,1729
2,247.83999999999997,1556
2,495.53,1824
2,289.11,1553
2,160.21,1780
2,357.04,1751
2,382.51,2061
6,110.72,2143
2,167.38,1614
2,87.38,1916
2,255.84,1968
2,118.15,1913
2,100.2,1556
2,93.04,1654
2,141.73,1659
2,188.37,1624
2,273.73,1859
3,201.96,1749
2,433.58000000000004,1569
2,144.47,1546
2,239.94,1979
2,234.94,1759
2,314.34000000000003,1542
2,183.73000000000002,2009
2,130.64,1677
3,443.51,2038
2,208.92000000000002,1595
2,288.82000000000005,1624
2,293.7,1977
2,301.36,1908
2,251.65,1950
2,116.83,1871
3,554.24,1653
2,146.13,1796
2,500.15,1712
2,199.11,1815
2,210.78,1867
2,119.83,1571
2,379.71000000000004,1784
2,163.49,1747
2,276.55,1582
2,88.42,1766
2,98.88,1686
2,260.38,1550
2,150.92,2022
2,278.9,1891
3,592.6500000000001,1506
2,85.71,1879
2,826.38,1649
3,1906.68,1764
2,432.74,1582
2,958.13,1563
2,109.4,1873
2,104.4,1579
2,345.09,1939
2,206.13,1573
2,96.38,1802
2,252.3,1555
2,130.1,2117
2,40.56,1985
2,168.06,1739
3,315.24,2030
3,195.6,1736
2,114.0,1910
2,170.69,1866
3,265.5,1962
2,298.87,1795
2,107.38,1818
2,330.14,1817
2,200.43,1611
2,160.19,1795
2,160.57999999999998,1987
3,195.46,1819
2,111.56,1978
2,211.48,1577
2,1570.4,1556
3,696.51,1720
2,641.22,1814
3,650.62,1654
2,207.09,1722
2,573.45,1677
2,96.43,1661
2,731.08,1979
2,221.58,1928
2,128.15,1652
3,126.33,1982
2,254.38,1735
2,1019.41,1891
2,156.59,1610
2,218.8,1556
2,128.46,1679
3,416.39,1794
2,125.07,1741
2,496.55,1578
2,334.81,1776
2,456.91999999999996,1600
2,1147.36,1558
2,147.97000000000003,1725
2,99.15,1655
2,682.14,1621
2,63.54,1919
2,109.4,1925
2,470.9,1688
2,108.38,1589
2,192.01999999999998,1717
2,143.22,1541
3,1026.09,1668
2,307.43,1827
2,319.82,1569
2,442.77000000000004,1700
2,200.07,1819
2,144.60000000000002,1668
2,59.4,1857
2,248.51999999999998,1618
2,109.0,1757
2,418.96,1564
2,102.16999999999999,1562
2,279.43,1583
2,204.92,1767
2,773.9000000000001,1779
2,88.8,1683
2,865.97,1768
2,290.53999999999996,1809
2,244.23,1761
2,164.34,1798
2,442.19,1729
2,110.88,2080
2,131.56,1572
2,197.16000000000003,1752
2,290.32,1576
2,269.76,1572
2,239.75,1619
2,2791.52,1846
2,726.1099999999999,1682
2,139.22,1606
2,310.84000000000003,1585
2,233.07,1962
2,296.11,1659
2,607.39,1670
2,417.53,1703
2,263.28,1880
2,578.75,2094
2,133.07,1555
2,247.20999999999998,1971
3,371.28,1746
2,73.01,1820
2,55.08,1554
2,1544.8200000000002,1817
2,95.58000000000001,1671
2,110.85000000000001,1849
2,222.34,2099
2,81.68,1655
2,2068.68,1843
2,338.66999999999996,1977
3,501.16,1857
2,251.94,1651
2,83.18,1808
2,262.72,1773
2,162.85,1904
2,232.23,1626
2,212.25,1637
2,148.51,1680
2,169.02,1670
2,129.56,1647
2,102.34,1529
2,174.3,1741
2,769.24,1877
3,2400.48,1862
2,215.67000000000002,2019
2,354.23,1577
3,277.4,1836
2,66.97,1873
2,115.77000000000001,1819
2,119.88,1822
2,209.35,1773
2,637.01,2065
2,146.68,1839
2,131.20000000000002,1729
2,150.95,1656
2,257.8,1919
2,192.63,1735
2,261.17,1613
2,147.13,1746
2,197.31,1563
2,148.31,2020
2,143.42,1610
3,515.1,1551
2,139.52,1656
2,269.49,1641
2,104.63999999999999,1738
2,140.81,1766
2,71.64,1724
2,99.01,1744
2,359.4,1563
2,235.16,1894
2,180.66,1985
2,287.8,1866
2,221.8,1949
2,84.93,1828
2,443.08,1515
2,151.36,1575
2,303.4,1656
2,190.47,1641
2,1529.2600000000002,1655
2,205.5,2008
2,98.62,1554
2,189.99,1919
2,162.28,2041
2,358.72,1757
2,101.1,1864
2,217.74,1777
2,86.36,1683
2,131.08,1567
2,219.93,1752
2,364.24,1614
2,408.96000000000004,1706
2,217.39,1628
2,495.7,1825
2,331.99,1751
2,82.1,1570
2,85.07,1696
2,276.48,1911
2,131.20000000000002,1801
2,132.41,1746
2,431.97,1974
2,395.55,1806
2,1056.12,1598
2,78.50999999999999,1844
2,528.77,1897
2,190.57,1720
2,430.13,1989
2,236.7,1543
2,166.29000000000002,1903
2,233.53,1785
2,225.01,1622
4,428.38,1702
3,290.73,1679
3,276.07,1585
2,102.13,1656
2,230.84,1817
2,693.67,1821
2,111.28999999999999,1693
2,193.17,1608
2,95.08,1584
2,200.09,1760
3,537.44,1579
2,284.56,1887
2,225.61,2067
2,297.68,1565
2,271.34000000000003,1641
2,939.61,1598
3,693.2,1681
2,158.43,1583
2,230.84,1811
2,72.19999999999999,2096
2,285.18,1780
2,615.33,1644
3,153.32999999999998,2021
2,1168.66,1553
2,62.019999999999996,2056
2,204.0,1801
2,220.29,1702
2,225.51,1900
2,655.09,1602
2,66.28,1551
2,306.69,1816
2,963.25,1735
2,122.35999999999999,1583
2,275.81,1793
2,1267.2,1716
2,185.66,1691
2,399.93,1727
2,241.89000000000001,1556
2,128.41,1606
2,404.14,1604
2,678.35,1555
2,137.98,1974
2,209.6,2056
3,224.82,1674
2,164.82,1803
2,125.64,1957
2,161.2,1891
2,345.52,1694
2,173.66000000000003,1615
2,150.76,1662
2,286.14,1705
2,147.66,1704
2,897.68,1887
2,321.19,1758
2,243.93,2086
2,583.3199999999999,1598
2,271.53999999999996,1846
2,89.9,1777
2,140.55,1745
2,126.37,1750
2,223.67000000000002,1768
2,171.0,1826
2,454.6,2082
2,239.5,1699
2,245.36,1802
2,313.28,1721
2,109.15,1759
2,220.07999999999998,1754
2,521.07,1926
2,290.37,1585
2,142.66,1857
3,486.6,1716
2,312.68,1630
2,502.25,1821
2,147.56,1774
2,222.8,1808
2,127.32000000000001,2109
2,514.49,1926
2,175.58,1701
2,111.63999999999999,1864
2,84.42,2060
2,238.04,1904
2,154.88,1823
2,451.72,1871
2,461.08,1719
3,214.9,1552
2,464.13,1577
2,87.2,1926
2,266.92,1689
2,266.1,1874
2,345.49,1845
2,370.56,1780
2,215.05,1565
2,402.76,1558
2,303.97999999999996,2083
2,223.22,1690
2,484.32,1620
2,122.2,1920
2,176.09,1637
2,252.44,1951
2,630.37,2008
2,103.1,1774
2,766.53,1682
2,210.29000000000002,2076
2,205.98000000000002,1687
2,270.52,1664
2,62.0,1881
3,553.15,1838
2,458.1,1738
2,1237.39,1960
2,635.3199999999999,1561
2,272.23,1775
2,144.45999999999998,1732
2,89.63,1936
2,439.44,1908
2,607.55,1856
2,222.56,1727
2,102.1,1968
3,636.8,1683
2,389.49,1723
2,143.85,1622
2,579.11,1650
2,136.64,1642
3,746.28,1986
2,337.88,1645
2,155.76,1566
2,260.49,1856
2,639.34,1553
2,444.07,1659
2,133.57999999999998,1834
2,364.28,1806
2,329.94,1761
2,500.3,1717
2,73.18,1757
2,202.74,1657
2,296.53,1563
2,166.96,1583
2,543.87,1608
2,76.46000000000001,1830
2,128.73,1868
2,663.88,1906
2,144.46,1883
2,103.11,1837
2,95.14,1627
2,198.43,2057
2,193.66,2011
2,1398.18,2016
2,158.19,2027
2,68.11,1558
2,102.63,1640
3,1254.01,1627
2,79.5,1580
2,69.12,1743
2,125.64,1947
2,189.73,1712
2,213.7,2125
2,147.48,1634
2,119.37,1572
2,90.19,1803
2,208.02,1832
2,162.51,1819
2,173.79999999999998,1938
2,315.67,1765
2,437.08,1707
2,204.09,1656
2,98.82,1750
2,295.2,1581
3,269.97,1929
2,222.35,1760
2,378.96,1816
2,253.72000000000003,1726
2,137.96,1922
2,274.2,1635
2,203.27999999999997,1622
2,116.91999999999999,1924
2,125.14,2003
2,382.59000000000003,1826
2,346.87,2004
2,381.53,1897
2,1297.47,1800
2,259.35,1887
2,125.08,1719
2,181.84,1629
3,178.56,1900
2,125.13000000000001,1634
4,4655.91,1563
2,439.53999999999996,1611
2,220.59,1702
2,160.20999999999998,1932
2,89.99,1956
2,367.78999999999996,1702
2,234.07000000000002,1848
2,1214.78,1698
2,691.9300000000001,1644
2,358.66999999999996,1576
2,202.68,1768
2,805.12,1738
2,136.65,1657
2,237.94,1810
2,112.00999999999999,1786
2,931.19,1913
2,596.76,1649
2,172.85,1618
2,180.92,1753
3,819.5200000000001,1704
2,1467.87,1835
2,130.28,1583
2,134.21,1911
2,156.76,1822
2,564.08,1592
2,254.84,2048
2,176.64,1663
2,113.96000000000001,1987
3,735.72,1909
2,446.28,1956
2,276.23,1842
2,470.02,1695
4,311.14,1628
2,98.28,1612
2,176.3,1734
2,227.78,1861
2,231.88,1769
2,205.39999999999998,1818
2,93.35,1637
2,273.67,1724
2,455.53000000000003,1623
2,153.12,1543
2,129.6,1846
2,100.69999999999999,1609
2,277.81,1844
2,54.150000000000006,1690
2,133.2,1834
2,107.74000000000001,1812
2,192.22,2012
2,504.82,1810
2,60.82,1651
2,108.26,1835
4,646.99,1659
2,193.88,1654
2,350.2,1758
2,914.1500000000001,1759
2,317.04,1753
2,84.64999999999999,1658
2,396.02000000000004,1755
2,191.01,1845
2,659.98,1649
2,332.92,1537
2,514.67,1600
2,189.36,1678
2,189.41,1908
2,259.6,2122
2,121.55000000000001,1720
2,433.84000000000003,1970
2,409.33000000000004,1850
2,254.23000000000002,1620
3,586.3000000000001,1915
2,314.01,1640
2,621.32,1656
2,180.37,2076
2,727.95,1636
2,366.15,1649
2,260.18,1595
2,116.11,1762
2,150.42,1661
2,144.43,1728
2,419.47,1876
2,247.27999999999997,1726
2,247.93,1916
2,307.8,1908
2,415.79,1977
2,72.74000000000001,2080
2,158.64,1812
2,417.17,1809
2,113.49000000000001,1891
2,758.18,1673
2,356.85,1656
2,488.72,1576
2,944.57,1677
2,364.67,1724
2,261.1,1895
2,138.16000000000003,1814
2,245.10999999999999,1660
2,185.87,2007
2,483.25,1757
2,195.16,1691
2,234.54,1563
2,318.32,1583
2,572.72,1873
2,210.62,1836
2,240.07999999999998,1641
2,312.43,1813
2,355.84000000000003,1903
2,296.4,1549
2,117.96,1562
2,408.2,1829
2,192.11,1551
3,168.29,1700
3,185.82999999999998,1661
2,137.53,1607
2,218.68,1634
2,118.26,2053
2,293.36,1870
2,104.2,1720
2,190.3,1596
2,100.09,2054
2,641.74,1772
2,349.99,1705
2,184.94,1911
2,139.63,1852
2,881.11,1806
2,110.1,1709
2,152.14,1666
2,377.15000000000003,1681
2,73.34,2021
2,201.22,2078
2,77.97,1676
2,436.88,1856
2,207.60999999999999,1584
2,620.37,1774
2,38.78,1693
3,848.0200000000001,1642
2,280.71,1554
2,322.49,1883
2,67.0,1905
2,115.76,1620
3,155.68,1720
2,141.86,1677
2,215.05,1767
2,928.68,1951
2,106.1,1810
2,1544.7599999999998,1725
2,1029.3600000000001,1820
2,353.79999999999995,1717
2,324.1,1688
2,210.95999999999998,1721
2,118.0,1547
2,384.12,1675
2,110.63,1801
2,58.39,1546
2,213.1,2116
3,88.85,2065
2,100.08,1607
2,213.01,2077
2,211.88,1915
2,348.03,1826
2,253.75,1615
2,228.0,1963
2,365.77,1610
2,119.08,1691
2,242.70000000000002,1820
2,62.42,2063
2,122.05000000000001,1824
2,674.64,2121
2,372.52,1859
2,660.44,1704
2,215.03,1625
2,286.23,1703
2,460.27,1730
2,267.65999999999997,1725
2,449.0,1700
2,444.06,1493
2,52.129999999999995,1636
2,77.8,1721
2,151.23000000000002,1724
2,119.17999999999999,1888
2,193.82999999999998,1876
2,166.24,1574
2,236.29000000000002,1707
2,136.37,1571
2,149.18,1993
2,56.0,1752
2,177.26000000000002,1545
2,584.56,1943
2,418.68,1576
2,82.19,1871
2,214.94,1633
3,260.73,1752
2,191.61,1888
2,283.56,1590
2,298.28,1660
2,73.6,1830
2,457.54999999999995,1642
2,371.78,1730
2,213.34,1703
2,236.7,1569
2,754.23,1829
2,204.54000000000002,1947
2,135.03,1971
2,495.33,1649
2,200.87,2059
2,276.82,1937
2,128.73,1830
2,129.79000000000002,2126
2,604.06,1897
2,793.5699999999999,1809
2,136.89,1695
2,97.36,1657
2,418.51,1950
2,240.92,1632
2,645.98,1647
2,318.13,1652
2,98.66,1768
2,233.63,1599
2,409.70000000000005,1644
2,131.29,1840
2,276.57,1634
2,99.30000000000001,1781
3,352.35,1834
2,329.32,1679
2,107.31,1619
2,97.62,1851
2,416.36,1810
2,255.11,1561
2,445.87,1648
2,1321.63,1611
2,303.2,1565
2,166.01,1898
2,216.57,1565
2,315.40999999999997,1692
2,93.48,1584
2,260.74,1738
2,160.01999999999998,1942
2,209.62,1886
2,94.49,1961
2,735.39,1795
2,125.66,1709
2,96.00999999999999,1751
2,153.89,1728
2,119.93,1920
2,334.34,1672
2,250.01,2045
2,324.43,1738
3,299.43,1933
2,91.27000000000001,1828
2,362.78,1706
2,276.72,1870
2,70.93,1982
2,294.81,1768
2,237.16000000000003,1671
2,225.68,1810
2,349.35,1558
2,320.87,1976
2,133.01,1770
3,1195.23,1887
3,403.84999999999997,1557
2,355.19,1824
2,136.57,1819
3,153.45999999999998,1639
2,296.56,1691
2,166.62,1729
2,269.88,1560
2,255.47,1578
2,73.04,1956
2,431.05,1703
3,418.21000000000004,1819
2,356.39,1816
2,69.94,1592
2,187.84,1660
2,150.31,1755
2,152.38,1603
2,196.18,1921
2,135.35,1646
2,169.98000000000002,1911
2,386.40999999999997,1612
2,1703.38,1715
2,67.76,1646
2,239.62,1915
2,201.76,1686
2,126.1,1712
2,88.18,1721
2,333.93,1797
2,91.25,1818
3,201.72,1880
2,398.67999999999995,1564
2,154.77,1986
2,550.86,1933
2,140.54,1716
2,264.63,1735
2,287.21,1799
2,62.61,1856
2,118.1,1915
2,282.85,1688
2,164.87,1858
2,254.82,1731
2,140.74,1574
2,236.31,1584
2,212.63,1571
2,109.24,1824
2,215.77,1610
2,289.03000000000003,1612
3,439.39,1568
2,384.31,1838
2,148.06,1868
2,343.57000000000005,1634
2,577.96,1915
2,196.5,1578
2,170.68,1996
2,180.35000000000002,1707
2,152.11,1679
2,347.78000000000003,1941
2,168.05,2233
2,169.06,1731
2,291.66999999999996,1729
2,228.56,1964
2,170.51,1577
2,463.03999999999996,1632
2,113.56,1877
4,73.48,2143
2,416.87,1716
2,196.16,1801
2,175.27,1770
2,188.62,1586
2,233.6,1955
5,603.9,1692
2,846.12,2005
2,115.36,1816
2,425.24,1757
2,261.79,1709
2,249.16,1857
3,788.8100000000001,1751
2,243.37,1835
2,155.78,1806
2,86.99,1561
2,103.38,1815
2,289.11,1801
2,367.59000000000003,1582
2,193.27,1760
2,159.08,1906
3,315.77,1561
2,300.46999999999997,1896
2,274.65,1928
2,225.83999999999997,1566
2,871.53,1954
2,334.74,1819
2,96.25999999999999,1572
3,581.46,2009
2,257.24,2044
2,72.01,1846
3,190.07999999999998,1558
2,647.0699999999999,1907
2,703.38,1806
2,157.53,1611
2,70.18,1942
2,92.33000000000001,1609
4,663.02,1610
2,934.6600000000001,2000
2,138.26,1719
2,317.71000000000004,1810
2,332.5,1824
2,105.65,1940
2,171.56,1771
2,261.8,1568
3,435.57,1735
2,91.06,2002
2,258.39,1624
2,147.7,1635
3,208.38,1534
2,222.26999999999998,1889
2,871.48,1938
2,300.47,1691
2,145.46,1822
2,391.28999999999996,1719
2,166.32,1684
2,417.76,1738
2,288.62,1749
2,113.69,1772
2,146.68,1826
2,273.68,1624
2,504.76,1584
2,294.02,1717
3,304.2,1779
2,220.32999999999998,2030
2,172.3,1838
2,134.85,1656
2,329.26,1584
2,450.78,1731
2,267.74,1762
2,228.18,1688
2,210.54000000000002,1741
2,245.37,1582
2,161.72,1579
2,581.67,1603
2,346.6,1754
3,636.53,1896
3,515.55,1567
2,254.35,1902
2,261.15,1781
2,230.21,1767
2,128.25,1770
2,119.38,1959
2,125.06,1921
2,88.71000000000001,1777
2,223.23000000000002,2004
2,81.61,1563
2,175.28,1765
2,281.15,1617
2,149.32,1736
2,323.96,1775
2,367.93,1688
2,477.64,1766
2,128.25,1819
2,349.12,1557
2,208.76999999999998,1984
2,360.21000000000004,1812
2,103.5,1833
2,278.19,1742
2,344.61,1832
2,111.42,1659
2,304.82,1637
2,133.31,1574
2,1215.15,1605
2,141.24,1766
2,276.96000000000004,1612
2,297.65,1719
2,147.8,1666
2,344.49,1729
2,782.4300000000001,2020
3,622.5600000000001,1577
2,55.7,1730
2,262.66999999999996,2011
2,150.78,2012
2,733.31,1771
2,207.07999999999998,1558
2,222.83999999999997,1938
2,219.93,1543
2,179.98,1816
3,115.00999999999999,1555
2,250.81,1669
2,285.37,1640
2,224.68,1653
2,111.54,1607
2,210.76,1771
2,1219.32,1708
2,199.9,1727
2,222.63,1817
2,210.43,2016
2,295.16,1798
2,605.83,1902
2,463.28999999999996,1573
2,223.99,1999
3,265.05,1653
2,188.41,1744
2,113.78999999999999,1576
2,253.79999999999998,1765
2,261.72,1793
2,1588.9499999999998,1607
2,284.54,1547
2,147.60000000000002,1765
2,233.1,1909
2,1036.0700000000002,1578
2,244.02,1772
2,228.59,1569
2,211.24,1754
2,129.64000000000001,1896
2,231.23000000000002,1622
2,303.12,1888
2,94.25,1668
2,68.77000000000001,1761
2,66.96000000000001,1631
2,169.16,1585
2,86.63,1934
2,626.82,1775
2,392.28,1716
2,321.79,1710
2,923.4,1682
2,540.8199999999999,1941
2,113.49000000000001,1879
2,123.25,1629
2,196.35000000000002,1731
2,413.60999999999996,1814
2,248.91,1961
2,91.4,1740
2,129.73000000000002,1583
2,362.84000000000003,1764
2,176.79,1783
2,285.68,1835
2,263.38,1662
3,191.10000000000002,1915
2,465.07,2016
2,75.92,1822
2,418.63,1625
2,168.01,1708
2,326.24,2096
2,246.99,1891
2,312.41,1562
2,175.41000000000003,1726
2,387.49,1589
2,80.2,1665
2,168.36,1644
2,153.7,1650
2,407.22,1773
2,251.49,1858
2,248.18,1562
2,338.59000000000003,1665
2,169.65,1703
2,87.72,1762
2,342.77,1558
2,388.0,1792
2,195.36,2003
2,144.44,1577
2,291.32,1907
2,362.89,1815
2,199.42000000000002,1718
2,176.45,1677
2,167.29,1941
2,118.48,1797
2,2783.01,1668
2,173.59,1867
2,524.77,1727
2,470.2,1693
2,232.23000000000002,1882
2,227.24,1881
2,186.3,1669
2,120.94,1634
2,150.14,1810
2,257.0,1568
2,79.69,1988
2,49.36,2003
2,261.45000000000005,1653
2,315.44,2010
2,699.8000000000001,1801
2,228.22,1633
2,204.26999999999998,1840
2,226.35,1915
2,196.64,1725
2,136.42,1747
2,314.6,1760
2,104.27,1585
2,660.9200000000001,1900
2,198.78,1638
3,575.94,1869
2,81.9,2047
2,140.93,1563
2,160.43,1662
2,163.3,1654
2,1170.78,1626
2,103.62,1805
2,349.41999999999996,1719
3,690.52,1949
2,259.89,1574
2,256.98,1732
2,188.3,1915
2,166.25,2041
2,372.62,1855
2,106.43,1822
2,238.17000000000002,1864
2,247.76999999999998,1700
2,122.21000000000001,1564
2,523.12,1659
2,124.74000000000001,1850
2,291.46000000000004,1567
2,63.72,2109
2,85.8,1627
2,313.78,1820
2,272.64,2051
2,312.49,1719
2,333.51,1754
2,255.11,1790
2,349.28,1723
2,1812.19,1809
2,145.72,1558
2,252.01000000000002,1735
2,699.31,1777
2,335.97,1586
2,782.99,1651
2,108.78,1746
2,371.85,1900
2,498.5,1670
2,1483.26,1731
2,435.14,1665
2,397.29,1669
3,175.54000000000002,1621
2,171.43,1582
2,518.49,1569
2,270.57,1820
2,153.17000000000002,1835
3,393.08,1632
2,187.70999999999998,1594
2,129.14999999999998,1628
2,509.58000000000004,2132
2,267.68,1553
2,171.14,1739
2,242.5,2033
2,222.04,1567
2,334.74,1787
2,187.64,2010
2,163.85,1833
2,166.01999999999998,1625
2,196.43,1784
2,139.73000000000002,2008
2,495.25,1577
2,264.28,1939
2,112.19,1715
2,297.69,2073
2,190.88,1714
2,161.32,1741
2,257.7,1768
2,165.98000000000002,1718
2,128.32,1679
2,134.1,1681
2,157.3,1571
2,642.48,1661
2,36.74,1840
2,280.33,1996
3,158.60000000000002,1568
2,178.57,1733
2,1184.24,1811
2,489.99,1711
2,134.16,2047
2,496.38,1871
2,183.26,1605
2,213.36,1726
2,284.8,1842
2,342.61,1878
2,504.2,1946
2,644.5899999999999,1760
2,373.67,2028
2,279.79,2118
2,70.59,1697
2,140.35999999999999,1578
2,61.54,1967
2,141.64000000000001,1623
2,92.22,1704
2,53.129999999999995,1605
2,215.28,1749
2,205.07,1552
2,227.5,1575
2,181.94,1936
2,311.27,1872
2,180.04000000000002,1762
2,244.58,1935
2,62.67,1984
2,160.44,1756
2,66.36,1737
2,185.64,1593
2,367.12,1588
2,203.32999999999998,1624
2,867.9,1778
3,806.63,1583
2,1225.08,1653
2,64.76,1649
2,522.9300000000001,1797
2,188.94,1626
3,352.09,1772
2,197.95,1771
2,352.75,1736
2,154.09,1607
2,540.72,1654
2,93.55,1947
2,222.3,1604
2,65.54,2017
2,68.6,1942
2,408.44,1656
2,159.53,1715
2,350.19,1928
2,141.70999999999998,2050
2,623.98,2025
2,202.81,1819
2,227.54000000000002,1676
2,360.73,1582
2,213.69,1705
2,187.17000000000002,1654
2,216.82999999999998,2035
2,285.33000000000004,1599
2,418.0,1764
2,89.96000000000001,1597
2,290.0,1991
2,195.63,1687
2,173.51999999999998,2004
2,58.99,1542
2,102.38,1956
2,337.59000000000003,1672
2,193.19,1793
2,294.71999999999997,1943
2,269.87,1635
2,432.93,1949
2,321.9,1649
2,257.09000000000003,1765
2,175.31,1784
2,198.81,1838
2,53.6,1916
2,206.01999999999998,1664
2,194.99,1815
2,742.78,1753
2,203.76999999999998,1738
2,148.14,1930
2,355.67,1659
2,604.05,1822
2,809.5699999999999,2111
2,317.12,1563
2,141.45999999999998,1560
2,529.56,1900
2,127.62,1759
2,197.73,1620
2,244.21999999999997,1919
2,160.04,1673
2,142.64999999999998,1550
2,192.69,1871
2,256.1,1617
2,230.73000000000002,1581
2,237.44,1697
2,176.68,1739
2,213.74,1885
2,224.49,1606
2,69.51,1967
2,247.06,1637
2,80.47,1687
2,289.75,1560
2,110.18,1915
2,197.65,1843
2,83.21000000000001,1953
2,419.38,1730
2,163.14,1648
2,168.12,1871
2,199.67999999999998,1566
2,38.24,2143
2,767.62,1601
2,221.61,1817
2,153.19,1569
2,76.47,1818
2,170.36,1974
2,185.26,1678
2,121.64000000000001,1624
2,337.85,2004
2,302.94,1580
2,629.46,1746
2,226.47,1646
2,400.51,1738
2,485.90999999999997,1624
2,67.8,1904
2,401.27,1935
2,155.43,1718
2,190.64,1745
2,243.85999999999999,1885
2,218.94,1695
2,65.06,1680
2,233.34,1660
2,79.45,1837
2,89.54,1727
2,91.35,1840
2,252.68,1674
2,149.74,1626
2,132.02,1745
2,236.9,1630
2,143.57999999999998,1746
2,195.10000000000002,1863
2,384.16999999999996,1898
2,60.510000000000005,1923
2,99.44999999999999,2013
2,73.94999999999999,1653
2,252.36,1789
2,164.56,1553
2,344.09,1893
2,213.74,1592
2,95.61,1618
2,361.67,1749
2,326.16999999999996,1711
2,190.47,1743
2,710.69,2102
2,123.75,1811
2,209.97000000000003,1617
2,327.49,1723
2,210.22,1567
4,477.34,1886
2,266.12,1641
2,789.24,2009
2,377.76,1870
2,342.23,1915
2,292.37,1718
2,262.56,1579
2,814.85,1762
2,177.61,1779
2,227.7,1621
2,193.76,1802
2,434.27,1827
2,289.18,1744
2,154.71,1962
2,448.30999999999995,1562
2,182.72,1688
2,547.77,1768
2,217.49,2012
3,56.86,2143
2,269.18,2052
2,179.36,1553
2,134.7,2000
2,401.07000000000005,1553
2,133.84,1719
2,290.43,1770
2,507.94,1568
2,301.94,1865
2,188.51999999999998,1813
2,117.06,1644
2,387.39,1978
2,224.07,1655
2,199.12,1725
2,88.72,1797
2,251.10000000000002,1655
2,228.3,2085
2,177.83,1577
2,82.82,1873
2,313.79,1570
2,363.69000000000005,1613
2,259.61,1997
2,199.03,1577
2,488.76,1567
2,425.97,1597
2,583.77,1607
2,176.21,1998
2,73.06,1800
2,221.98,1663
2,226.23999999999998,1613
2,120.19999999999999,1814
2,297.2,1578
2,107.19,1611
2,1275.77,1732
2,333.42,1724
2,245.69,1741
2,159.22,1938
2,273.87,1730
2,130.57999999999998,1736
2,149.56,2086
2,241.3,1587
2,148.36,1670
2,574.36,1661
2,469.12,1564
2,102.16,1669
2,204.9,1820
2,64.84,1666
2,146.3,1837
2,253.23000000000002,1663
2,342.32,1601
2,231.40999999999997,1701
2,1441.6200000000001,1780
2,132.87,1588
2,61.730000000000004,1839
2,295.04,1743
2,360.19,1697
2,147.72,1636
2,200.98,1915
2,93.34,1588
2,353.78,1583
2,199.3,1596
2,309.1,1740
2,357.78000000000003,1722
2,495.57000000000005,1726
2,206.63,1568
2,399.53,1766
2,106.81,1746
2,278.06,1615
2,93.0,1838
2,384.86,1597
2,133.31,1817
2,1304.3600000000001,1796
2,339.61,1566
2,456.28999999999996,1813
2,770.73,1663
2,125.54,1659
2,108.22,1675
2,302.03,1564
2,174.3,1731
2,152.20999999999998,1901
2,301.35,1971
2,158.51,1546
2,225.54999999999998,1551
2,419.4,1610
2,121.06,1950
2,255.79000000000002,1751
2,281.64,1846
2,188.79,1943
2,212.66,1718
2,130.21,1669
2,341.46,1759
2,273.15999999999997,1765
2,102.31,1687
2,208.64000000000001,1690
2,378.85999999999996,1800
2,534.11,1717
2,209.89,1589
2,132.99,1561
2,224.98,1799
2,93.45,1549
2,224.57999999999998,1835
2,196.12,1624
2,395.29,1571
2,437.40999999999997,1840
2,153.76,1994
2,395.83,1827
2,289.92,1932
2,186.14000000000001,1946
2,226.12,1712
2,49.68,1738
2,65.77000000000001,1700
2,140.39,1703
2,487.67999999999995,1681
2,219.82,1775
2,245.14999999999998,1716
2,213.15,1973
2,131.20000000000002,1846
3,841.15,1816
2,85.53999999999999,1578
2,103.3,1707
2,118.19999999999999,2007
2,1186.58,1753
2,364.16,1803
2,525.17,2005
2,433.44,2017
2,111.08999999999999,1680
2,158.07,1738
2,338.76,1578
2,226.67000000000002,1961
2,201.07999999999998,1851
2,176.56,1584
2,249.89999999999998,1653
2,498.47,1552
2,160.3,1843
2,72.1,1737
2,236.31,1570
2,286.57,1669
2,322.58000000000004,1819
2,166.32999999999998,1640
2,474.61,1619
2,400.95,1920
3,179.1,1691
2,438.55,1736
2,671.49,1727
2,80.56,1681
2,206.22,2135
2,487.88,1662
2,365.55,1693
2,163.44,1918
2,235.3,1732
2,413.01,1950
3,243.89000000000001,1616
2,157.93,1774
2,1478.1999999999998,1624
2,230.75,1813
2,2450.1,1906
2,173.41,1628
2,1737.88,1793
2,677.83,1961
2,145.75,1897
2,46.56,1692
2,113.86,1708
2,254.59,1802
2,484.54,1569
2,249.06,2088
2,804.12,1581
2,115.94,1990
2,103.52000000000001,1998
2,37.34,1628
2,1047.15,1652
2,155.0,2115
2,492.74,1819
2,351.15999999999997,1968
2,117.69999999999999,1577
2,314.87,1645
2,329.48,1657
2,463.72,1737
2,396.68,1562
2,112.18,1814
2,100.46000000000001,2116
2,170.34,1820
2,349.49,1777
2,312.22,1745
2,75.31,1714
2,127.88,1742
2,109.13,1664
3,211.82,1670
2,418.93,1747
2,479.08000000000004,1671
3,704.09,1746
2,88.28,1684
2,161.28,1587
2,108.42,2003
2,196.2,1824
2,129.24,1617
2,179.31,1754
2,277.25,1922
2,167.32999999999998,1571
2,137.12,2069
2,234.99,1681
2,308.91999999999996,1555
2,277.97,1931
3,131.31,1707
2,591.98,1618
2,110.28,1570
2,314.49,1709
2,451.34,1956
2,152.32999999999998,2007
2,310.02,1557
2,212.82,1704
2,116.89999999999999,1990
2,192.04000000000002,1577
2,317.29999999999995,1695
2,307.75,1685
2,110.78999999999999,1615
3,234.76,1750
2,812.72,1744
2,176.24,1978
2,358.44,1603
2,260.61,1721
2,324.72,1607
2,204.04999999999998,1589
2,199.38,1645
2,468.39,2042
2,387.53999999999996,2011
2,110.97,1945
2,340.53999999999996,1656
2,167.68,1681
2,123.61000000000001,1583
2,2299.66,1683
2,112.31,1706
2,252.34,1752
2,354.73,1642
2,192.74,1626
2,57.449999999999996,1574
2,566.91,1683
2,385.57,1720
2,338.86,1945
2,185.94,1604
2,132.24,1812
2,271.83000000000004,1741
2,138.28,1568
2,459.05,1873
2,191.81,1654
2,271.09000000000003,1756
2,175.8,2118
2,763.5999999999999,1802
2,318.69,1778
2,192.07,1855
2,387.59000000000003,1988
2,150.57999999999998,1696
2,96.43,1674
2,188.7,1722
2,407.02,1584
2,236.3,1737
2,99.75,1815
2,143.69,1648
2,114.91999999999999,1773
2,181.4,1733
2,314.12,1928
2,148.01,1601
2,474.53999999999996,1663
2,81.34,1882
2,83.03999999999999,1822
2,526.85,2101
2,3559.9900000000002,1925
2,222.91,1698
2,473.05,1624
2,113.95,1548
2,318.41999999999996,1810
2,502.74,1545
2,694.55,1735
2,135.07,1729
2,132.07999999999998,1854
2,77.06,2026
2,222.86,1666
2,373.6,1663
2,118.61000000000001,1764
2,285.23,1810
2,145.42000000000002,1887
